<?xml version="1.0" encoding="utf-8"?>
<theme id="underwater" name="Spongebob Squarepants">
        <char id="000" name="Phone" thumb="on the phone.swf" facing="left" default="on the phone.swf" motion="on the phone.swf" enable="Y" is_premium="N" aid="237" money="0" sharing="0">
        <tag>cat:Yugandar's Prop Chars</tag>
        <category name="Prop Actions">
        <action id="on the phone.swf" name="On The Phone" loop="Y" totalframe="1" enable="Y" aid="60"/>
        </category>
        </char>
        <char id="00000" name="Folder" thumb="be a folder.swf" facing="left" default="be a folder.swf" motion="be a folder.swf" enable="Y" is_premium="N" aid="239" money="0" sharing="0">
        <tag>cat:Yugandar's Prop Chars</tag>
        <category name="Prop Actions">
        <action id="be a folder.swf" name="On The Folder" loop="Y" totalframe="1" enable="Y" aid="60"/>
        </category>
        </char>
        <char id="001" name="Tablet" thumb="be on a tablet.swf" facing="left" default="be on a tablet.swf" motion="be on a tablet.swf" enable="Y" is_premium="N" aid="241" money="0" sharing="0">
        <tag>cat:Yugandar's Prop Chars</tag>
        <category name="Prop Actions">
        <action id="be on a tablet.swf" name="On The Tablet" loop="Y" totalframe="1" enable="Y" aid="60"/>
        </category>
        </char>
        <char id="002" name="wierd guy (Original)" thumb="stand.swf" facing="left" default="stand.swf" motion="walk.swf" enable="Y" is_premium="N" aid="60" money="0" sharing="0">
        <tag>cat:Yugandar's Characters</tag>
        <category name="Actions">
        <action id="stand.swf" name="Stand" loop="Y" totalframe="1" enable="Y" aid="60"/>
        <action id="walk.swf" name="Walk" loop="Y" totalframe="1" enable="Y" aid="60"/>
        <action id="sad.swf" name="Sad" loop="Y" totalframe="1" enable="Y" aid="60"/>
        <action id="angry.swf" name="Angry" loop="Y" totalframe="1" enable="Y" aid="60"/>
        <action id="cry.swf" name="Cry" loop="Y" totalframe="1" enable="Y" aid="60"/>
        <action id="talk.swf" name="Talk" loop="Y" totalframe="1" enable="Y" aid="60"/>
        </category>
		</char>
        <char id="003" name="Yugandar (Original)" thumb="stand.swf" facing="left" default="stand.swf" motion="walk.swf" enable="Y" is_premium="N" aid="250" money="0" sharing="0">
        <tag>cat:Yugandar's Characters</tag>
        <category name="Actions">
        <action id="stand.swf" name="Stand" loop="Y" totalframe="1" enable="Y" aid="251"/>
        <action id="walk.swf" name="Walk" loop="Y" totalframe="1" enable="Y" aid="252"/>
        <action id="laugh.swf" name="Laugh" loop="Y" totalframe="1" enable="Y" aid="253"/>
        <action id="smile.swf" name="Smile" loop="Y" totalframe="1" enable="Y" aid="254"/>
        <action id="talk.swf" name="Talk" loop="Y" totalframe="1" enable="Y" aid="255"/>
        <action id="sad.swf" name="Sad" loop="Y" totalframe="1" enable="Y" aid="256"/>
        <action id="angry.swf" name="Angry" loop="Y" totalframe="1" enable="Y" aid="257"/>
        <action id="cry.swf" name="Cry" loop="Y" totalframe="1" enable="Y" aid="258"/>
        <action id="happy.swf" name="Happy" loop="Y" totalframe="1" enable="Y" aid="259"/>
        <action id="cheer.swf" name="Cheer" loop="Y" totalframe="1" enable="Y" aid="260"/>
        <action id="sit.swf" name="Sit" loop="Y" totalframe="1" enable="Y" aid="261"/>
        <action id="dance.swf" name="Dance" loop="Y" totalframe="1" enable="Y" aid="262"/>
        <action id="furious.swf" name="Furious" loop="Y" totalframe="1" enable="Y" aid="263"/>
        </category>
        </char>
		<char id="kim" name="Kim" thumb="stand.swf" facing="left" default="stand.swf" motion="walk.swf" enable="Y" is_premium="N" aid="250" money="0" sharing="0">
        <tag>cat:Guests</tag>
        <category name="Actions">
        <action id="stand.swf" name="Stand" loop="Y" totalframe="1" enable="Y" aid="251"/>
        <action id="walk.swf" name="Walk" loop="Y" totalframe="1" enable="Y" aid="252"/>
        <action id="laugh.swf" name="Laugh" loop="Y" totalframe="1" enable="Y" aid="253"/>
        <action id="smile.swf" name="Smile" loop="Y" totalframe="1" enable="Y" aid="254"/>
        <action id="talk.swf" name="Talk" loop="Y" totalframe="1" enable="Y" aid="255"/>
        <action id="sad.swf" name="Sad" loop="Y" totalframe="1" enable="Y" aid="256"/>
        <action id="angry.swf" name="Angry" loop="Y" totalframe="1" enable="Y" aid="257"/>
        <action id="cry.swf" name="Cry" loop="Y" totalframe="1" enable="Y" aid="258"/>
        <action id="happy.swf" name="Happy" loop="Y" totalframe="1" enable="Y" aid="259"/>
        <action id="sit.swf" name="Sit" loop="Y" totalframe="1" enable="Y" aid="261"/>
        <action id="furious.swf" name="Furious" loop="Y" totalframe="1" enable="Y" aid="263"/>
		<action id="shocked.swf" name="Shocked" loop="Y" totalframe="1" enable="Y" aid="263"/>
        </category>
        </char>
		<char id="matt" name="Matt" thumb="stand.swf" facing="left" default="stand.swf" motion="walk.swf" enable="Y" is_premium="N" aid="250" money="0" sharing="0">
        <tag>cat:Guests</tag>
        <category name="Actions">
        <action id="stand.swf" name="Stand" loop="Y" totalframe="1" enable="Y" aid="251"/>
        <action id="walk.swf" name="Walk" loop="Y" totalframe="1" enable="Y" aid="252"/>
        <action id="smile.swf" name="Smile" loop="Y" totalframe="1" enable="Y" aid="254"/>
        <action id="talk.swf" name="Talk" loop="Y" totalframe="1" enable="Y" aid="255"/>
        <action id="sad.swf" name="Sad" loop="Y" totalframe="1" enable="Y" aid="256"/>
        <action id="angry.swf" name="Angry" loop="Y" totalframe="1" enable="Y" aid="257"/>
        <action id="cry.swf" name="Cry" loop="Y" totalframe="1" enable="Y" aid="258"/>
        <action id="happy.swf" name="Happy" loop="Y" totalframe="1" enable="Y" aid="259"/>
        <action id="sit.swf" name="Sit" loop="Y" totalframe="1" enable="Y" aid="261"/>
        <action id="furious.swf" name="Furious" loop="Y" totalframe="1" enable="Y" aid="263"/>
		<action id="shocked.swf" name="Shocked" loop="Y" totalframe="1" enable="Y" aid="263"/>
        </category>
        </char>
	<char id="spongebob" name="Spongebob" thumb="stand.swf" facing="left" default="stand.swf" motion="walk.swf" enable="Y" is_premium="Y" aid="8259" money="0" sharing="0">
		<action id="stand.swf" name="Stand" loop="Y" totalframe="50" enable="Y" aid="8260"/>
		<action id="walk.swf" name="Walk" loop="Y" totalframe="50" enable="Y" aid="8261"/>
                <action id="kid.swf" name="Kid" loop="Y" totalframe="50" enable="Y" aid="8262"/>
                <action id="patrick star show outfit.swf" name="Patrick Star Show Outfit" loop="Y" totalframe="50" enable="Y" aid="8263"/>
	</char>
        <char id="patrick" name="Patrick" thumb="stand.swf" facing="left" default="stand.swf" motion="walk.swf" enable="Y" is_premium="Y" aid="8259" money="0" sharing="0">
		<action id="stand.swf" name="Stand" loop="Y" totalframe="50" enable="Y" aid="8260"/>
		<action id="walk.swf" name="Walk" loop="Y" totalframe="50" enable="Y" aid="8261"/>
                <action id="kid.swf" name="Kid" loop="Y" totalframe="50" enable="Y" aid="8262"/>
                <action id="patrick star show outfit.swf" name="Patrick Star Show Outfit" loop="Y" totalframe="50" enable="Y" aid="8263"/>
	</char>
        <char id="squidward" name="Squidward" thumb="stand.swf" facing="left" default="stand.swf" motion="walk.swf" enable="Y" is_premium="Y" aid="8259" money="0" sharing="0">
		<action id="stand.swf" name="Stand" loop="Y" totalframe="50" enable="Y" aid="8260"/>
		<action id="walk.swf" name="Walk" loop="Y" totalframe="50" enable="Y" aid="8261"/>
                <action id="kid.swf" name="Kid" loop="Y" totalframe="50" enable="Y" aid="8262"/>
                <action id="patrick star show outfit.swf" name="Patrick Star Show Outfit" loop="Y" totalframe="50" enable="Y" aid="8263"/>
	</char>
        <char id="sandy" name="Sandy" thumb="stand.swf" facing="left" default="stand.swf" motion="walk.swf" enable="Y" is_premium="Y" aid="8259" money="0" sharing="0">
		<action id="stand.swf" name="Stand" loop="Y" totalframe="50" enable="Y" aid="8260"/>
		<action id="walk.swf" name="Walk" loop="Y" totalframe="50" enable="Y" aid="8261"/>
                <action id="kid.swf" name="Kid" loop="Y" totalframe="50" enable="Y" aid="8262"/>
                <action id="patrick star show outfit.swf" name="Patrick Star Show Outfit" loop="Y" totalframe="50" enable="Y" aid="8263"/>
	</char>
        <char id="krabs" name="Krabs" thumb="stand.swf" facing="left" default="stand.swf" motion="walk.swf" enable="Y" is_premium="Y" aid="8259" money="0" sharing="0">
		<action id="stand.swf" name="Stand" loop="Y" totalframe="50" enable="Y" aid="8260"/>
		<action id="walk.swf" name="Walk" loop="Y" totalframe="50" enable="Y" aid="8261"/>
                <action id="kamp koral outfit.swf" name="Kamp Koral Outfit" loop="Y" totalframe="50" enable="Y" aid="8262"/>
	</char>
        <char id="plankton" name="Plankton" thumb="stand.swf" facing="left" default="stand.swf" motion="walk.swf" enable="Y" is_premium="Y" aid="8259" money="0" sharing="0">
		<action id="stand.swf" name="Stand" loop="Y" totalframe="50" enable="Y" aid="8260"/>
		<action id="walk.swf" name="Walk" loop="Y" totalframe="50" enable="Y" aid="8261"/>
                <action id="kamp koral outfit.swf" name="Kamp Koral Outfit" loop="Y" totalframe="50" enable="Y" aid="8262"/>
	</char>
        <char id="pearl" name="Pearl" thumb="stand.swf" facing="left" default="stand.swf" motion="walk.swf" enable="Y" is_premium="Y" aid="8259" money="0" sharing="0">
		<action id="stand.swf" name="Stand" loop="Y" totalframe="50" enable="Y" aid="8260"/>
		<action id="walk.swf" name="Walk" loop="Y" totalframe="50" enable="Y" aid="8261"/>
                <action id="baby.swf" name="Baby" loop="Y" totalframe="50" enable="Y" aid="8262"/>
                <action id="patrick star show outfit.swf" name="Patrick Star Show Outfit" loop="Y" totalframe="50" enable="Y" aid="8263"/>
	</char>
        <char id="puff" name="Puff" thumb="stand.swf" facing="left" default="stand.swf" motion="walk.swf" enable="Y" is_premium="Y" aid="8259" money="0" sharing="0">
		<action id="stand.swf" name="Stand" loop="Y" totalframe="50" enable="Y" aid="8260"/>
		<action id="walk.swf" name="Walk" loop="Y" totalframe="50" enable="Y" aid="8261"/>
                <action id="kamp koral outfit.swf" name="Kamp Koral Outfit" loop="Y" totalframe="50" enable="Y" aid="8262"/>
	</char>
        <char id="karen" name="Karen" thumb="stand.swf" facing="left" default="stand.swf" motion="walk.swf" enable="Y" is_premium="Y" aid="8259" money="0" sharing="0">
		<action id="stand.swf" name="Stand" loop="Y" totalframe="50" enable="Y" aid="8260"/>
		<action id="walk.swf" name="Walk" loop="Y" totalframe="50" enable="Y" aid="8261"/>
                <action id="kamp koral.swf" name="Kamp Koral Outfit" loop="Y" totalframe="50" enable="Y" aid="8262"/>
                <action id="wall.swf" name="Wall" loop="Y" totalframe="50" enable="Y" aid="8263"/>
	</char>
        <char id="gary" name="Gary" thumb="stand.swf" facing="left" default="stand.swf" motion="walk.swf" enable="Y" is_premium="Y" aid="8259" money="0" sharing="0">
		<action id="stand.swf" name="Stand" loop="Y" totalframe="50" enable="Y" aid="8260"/>
		<action id="walk.swf" name="Walk" loop="Y" totalframe="50" enable="Y" aid="8261"/>
                <action id="kamp koral outfit.swf" name="Kamp Koral Outfit" loop="Y" totalframe="50" enable="Y" aid="8262"/>
	</char>
        <char id="larry" name="Larry" thumb="stand.swf" facing="left" default="stand.swf" motion="walk.swf" enable="Y" is_premium="Y" aid="8259" money="0" sharing="0">
		<action id="stand.swf" name="Stand" loop="Y" totalframe="50" enable="Y" aid="8260"/>
		<action id="walk.swf" name="Walk" loop="Y" totalframe="50" enable="Y" aid="8261"/>
                <action id="kamp koral.swf" name="Kamp Koral Outfit" loop="Y" totalframe="50" enable="Y" aid="8262"/>
	</char>
        <background id="houses.swf" name="Houses" enable="Y" default="Y" is_premium="N" aid="8305" money="0" sharing="0"/>
        <background id="living room.swf" name="Living Room" enable="Y" default="Y" is_premium="N" aid="8305" money="0" sharing="0"/>
        <background id="room.swf" name="Room" enable="Y" default="Y" is_premium="N" aid="8305" money="0" sharing="0"/>
        <background id="bathroom.swf" name="Bathroom" enable="Y" default="Y" is_premium="N" aid="8305" money="0" sharing="0"/>
        <background id="library.swf" name="Library" enable="Y" default="Y" is_premium="N" aid="8305" money="0" sharing="0"/>
        <background id="krusty krab.swf" name="Krusty Krab" enable="Y" default="Y" is_premium="N" aid="8305" money="0" sharing="0"/>
        <background id="inside.swf" name="Inside" enable="Y" default="Y" is_premium="N" aid="8305" money="0" sharing="0"/>
        <prop id="hat.swf" name="Hat" holdable="0" placeable="1" wearable="0" facing="left" thumb="" enable="Y" is_premium="Y" aid="8240" money="0" sharing="0"/>
        <prop id="fomula.swf" name="Fomula" holdable="0" placeable="1" wearable="0" facing="left" thumb="" enable="Y" is_premium="Y" aid="8240" money="0" sharing="0"/>
        <prop id="tv.swf" name="TV" holdable="0" placeable="1" wearable="0" facing="left" thumb="" enable="Y" is_premium="Y" aid="8240" money="0" sharing="0"/>
        <prop id="patrick star dancing.swf" name="Patrick Star Dancing" holdable="0" placeable="1" wearable="0" facing="left" thumb="" enable="Y" is_premium="Y" aid="8240" money="0" sharing="0"/>
        <prop id="krabby patty.swf" name="Krabby Patty" holdable="0" placeable="1" wearable="0" facing="left" thumb="" enable="Y" is_premium="Y" aid="8240" money="0" sharing="0"/>
        <prop id="chum.swf" name="Chum" holdable="0" placeable="1" wearable="0" facing="left" thumb="" enable="Y" is_premium="Y" aid="8240" money="0" sharing="0"/>
        <prop id="bus.swf" name="Bus" holdable="0" placeable="1" wearable="0" facing="left" thumb="" enable="Y" is_premium="Y" aid="8240" money="0" sharing="0"/>
        <prop id="bubbles.swf" name="Bubbles" holdable="0" placeable="1" wearable="0" facing="left" thumb="" enable="Y" is_premium="Y" aid="8240" money="0" sharing="0"/>
        <compositebg id="bathroom" name="Bathroom" enable="Y" default="N" thumb="bathroom.png" display_order="1" is_premium="N" money="0" sharing="0" aid="20544">
    <bg id="BG2" index="0">
      <file>underwater.bathroom.swf</file>
    </bg>
    <prop id="PROP0" index="1">
      <file>underwater.bubbles.swf</file>
      <x>354.1</x>
      <y>185.95</y>
      <xscale>0.1074247</xscale>
      <yscale>0.1074247</yscale>
      <face>1</face>
      <rotation>0</rotation>
    </prop>
</compositebg>
        <compositebg id="houses" name="Houses" enable="Y" default="N" thumb="houses.png" display_order="1" is_premium="N" money="0" sharing="0" aid="20544">
    <bg id="BG2" index="0">
      <file>underwater.houses.swf</file>
    </bg>
    <prop id="PROP2" index="1">
      <file>underwater.hat.swf</file>
      <x>514.188846</x>
      <y>84.275</y>
      <xscale>0.162358</xscale>
      <yscale>0.162358</yscale>
      <face>1</face>
      <rotation>0</rotation>
    </prop>
</compositebg>
        <compositebg id="inside" name="Inside Krusty Krab" enable="Y" default="N" thumb="inside.png" display_order="1" is_premium="N" money="0" sharing="0" aid="20544">
    <bg id="BG2" index="0">
      <file>underwater.inside.swf</file>
    </bg>
    <prop id="PROP0" index="1">
      <file>underwater.krabby patty.swf</file>
      <x>170.593459</x>
      <y>287.9563696</y>
      <xscale>0.1470638</xscale>
      <yscale>0.1470638</yscale>
      <face>1</face>
      <rotation>0</rotation>
    </prop>
    <prop id="PROP2" index="2">
      <file>underwater.krabby patty.swf</file>
      <x>459.493459</x>
      <y>267.8563696</y>
      <xscale>0.1470638</xscale>
      <yscale>0.1470638</yscale>
      <face>1</face>
      <rotation>0</rotation>
    </prop>
    <prop id="PROP4" index="3">
      <file>underwater.krabby patty.swf</file>
      <x>269.393459</x>
      <y>61.65</y>
      <xscale>0.1470638</xscale>
      <yscale>0.1470638</yscale>
      <face>1</face>
      <rotation>6.2700945</rotation>
    </prop>
</compositebg>
        <compositebg id="krusty krab" name="Outside Krusty Krab" enable="Y" default="N" thumb="krusty krab.png" display_order="1" is_premium="N" money="0" sharing="0" aid="20544">
    <bg id="BG2" index="0">
      <file>underwater.krusty krab.swf</file>
    </bg>
    <prop id="PROP3" index="1">
      <file>underwater.krabby patty.swf</file>
      <x>184.743459</x>
      <y>149.3333333</y>
      <xscale>0.1418027</xscale>
      <yscale>0.1418027</yscale>
      <face>1</face>
      <rotation>0</rotation>
    </prop>
    <prop id="PROP6" index="2">
      <file>underwater.krabby patty.swf</file>
      <x>230.3333333</x>
      <y>149.275</y>
      <xscale>0.1418027</xscale>
      <yscale>0.1418027</yscale>
      <face>1</face>
      <rotation>0</rotation>
    </prop>
    <prop id="PROP7" index="3">
      <file>underwater.krabby patty.swf</file>
      <x>396.943459</x>
      <y>187.825</y>
      <xscale>0.1418027</xscale>
      <yscale>0.1418027</yscale>
      <face>1</face>
      <rotation>15.0171044</rotation>
    </prop>
    <prop id="PROP9" index="4">
      <file>underwater.krabby patty.swf</file>
      <x>310.85</x>
      <y>187.8</y>
      <xscale>0.1418027</xscale>
      <yscale>0.1418027</yscale>
      <face>1</face>
      <rotation>15.0171044</rotation>
    </prop>
    <prop id="PROP10" index="5">
      <file>underwater.hat.swf</file>
      <x>350.5</x>
      <y>153.975</y>
      <xscale>0.1461984</xscale>
      <yscale>0.1461984</yscale>
      <face>1</face>
      <rotation>0</rotation>
    </prop>
</compositebg>
        <compositebg id="library" name="Library" enable="Y" default="N" thumb="library.png" display_order="1" is_premium="N" money="0" sharing="0" aid="20544">
    <bg id="BG2" index="0">
      <file>underwater.library.swf</file>
    </bg>
    <prop id="PROP0" index="1">
      <file>underwater.krabby patty.swf</file>
      <x>104.6</x>
      <y>274.45</y>
      <xscale>0.1830139</xscale>
      <yscale>0.1830139</yscale>
      <face>1</face>
      <rotation>0</rotation>
    </prop>
</compositebg>
        <compositebg id="room" name="Room" enable="Y" default="N" thumb="room.png" display_order="1" is_premium="N" money="0" sharing="0" aid="20544">
    <bg id="BG7" index="0">
      <file>underwater.room.swf</file>
    </bg>
    <prop id="PROP1" index="1">
      <file>underwater.hat.swf</file>
      <x>174.4</x>
      <y>113.35</y>
      <xscale>0.137482</xscale>
      <yscale>0.137482</yscale>
      <face>-1</face>
      <rotation>0</rotation>
    </prop>
</compositebg>
        <compositebg id="living room" name="Living Room" enable="Y" default="N" thumb="living room.png" display_order="1" is_premium="N" money="0" sharing="0" aid="20544">
    <bg id="BG2" index="0">
      <file>underwater.living room.swf</file>
    </bg>
    <prop id="PROP0" index="1">
      <file>underwater.tv.swf</file>
      <x>529.9429985</x>
      <y>280.7663169</y>
      <xscale>0.3154905</xscale>
      <yscale>0.3154905</yscale>
      <face>1</face>
      <rotation>6.1193038</rotation>
    </prop>
</compositebg>
</theme>